brand,norm,source_count
Who Gives A Crap,whogivesacrap,8
Dermalogica,dermalogica,7
Dollar Shave Club,dollarshaveclub,7
Glossier,glossier,7
Rebecca Minkoff,rebeccaminkoff,7
Allbirds,allbirds,6
lskd,lskd,6
Princess Polly,princesspolly,6
Warby Parker,warbyparker,6
Ad Hoc Atelier,adhocatelier,5
Alessi Email Marketing Revenue,alessiemailmarketingrevenue,5
Beekman 1802,beekman1802,5
Brava Fabrics,bravafabrics,5
Budgy Smuggler,budgysmuggler,5
Casper,casper,5
Cheeky Wipes,cheekywipes,5
Cozy Earth,cozyearth,5
dkny,dkny,5
Fashion Ecommerce Brand Drives Revenue With,fashionecommercebranddrivesrevenuewith,5
Grind,grind,5
Heist Studios,heiststudios,5
Kulani Kini,kulanikini,5
Les Raffineurs,lesraffineurs,5
Living Proof,livingproof,5
London Sock Co,londonsockco,5
Loop Earplugs,loopearplugs,5
Luxury Cosmetics Brand Doubles,luxurycosmeticsbranddoubles,5
meshki,meshki,5
Mira Healthtech App Sms Email,mirahealthtechappsmsemail,5
Mixtiles,mixtiles,5
Momkind Personalisation Drives 36 Percent Revenue,momkindpersonalisationdrives36percentrevenue,5
Montirex Combine Power Of Email And,montirexcombinepowerofemailand,5
Nextbase Klaviyo Cdp Drives,nextbaseklaviyocdpdrives,5
Ruffwear,ruffwear,5
Ruroc Uk,rurocuk,5
Tata Harper,tataharper,5
The Fish Society,thefishsociety,5
thirdlove,thirdlove,5
Toots Design,tootsdesign,5
Valentte Increase Ecommerce,valentteincreaseecommerce,5
Wilkinson Sword Uk,wilkinsonsworduk,5
blueland,blueland,4
blume,blume,4
boody,boody,4
Boston Proper,bostonproper,4
brooklinen,brooklinen,4
Buffetti Klaviyo Adobe Commerce,buffettiklaviyoadobecommerce,4
cabaia,cabaia,4
Cambridge Satchel,cambridgesatchel,4
caraway,caraway,4
Castore,castore,4
chubbies,chubbies,4
Craft Company Klevu Search Abandonment,craftcompanyklevusearchabandonment,4
Culture Kings,culturekings,4
Currentbody,currentbody,4
Daily Harvest,dailyharvest,4
Death Wish Coffee,deathwishcoffee,4
Dr Squatch,drsquatch,4
Everlane,everlane,4
Folk Clothing,folkclothing,4
Forthglade Relo,forthgladerelo,4
Grind Coffee,grindcoffee,4
Gymshark,gymshark,4
Hedley Bennett,hedleybennett,4
hismile,hismile,4
Innopharma Education,innopharmaeducation,4
Jeanlen Shopware,jeanlenshopware,4
Jimmy Joy,jimmyjoy,4
Jones Road Beauty,jonesroadbeauty,4
kitsch,kitsch,4
Knix,knix,4
Little Sleepies,littlesleepies,4
Magic Spoon,magicspoon,4
Mc2 Saint Barth,mc2saintbarth,4
Nestle Health Science,nestlehealthscience,4
OLLY,olly,4
Paul Smith,paulsmith,4
payot,payot,4
Pepper,pepper,4
Phiacademy,phiacademy,4
Pinter,pinter,4
Quip,quip,4
Red Dragon Darts Revenue Increase,reddragondartsrevenueincrease,4
Steve Madden,stevemadden,4
Stitch Fix,stitchfix,4
tatcha,tatcha,4
The Inkey List,theinkeylist,4
The Ridge,theridge,4
Twinings,twinings,4
velasca,velasca,4
2xist,2xist,3
Athletic Greens,athleticgreens,3
Avant Skincare,avantskincare,3
Aviator Nation,aviatornation,3
Balique Hair Quiz,baliquehairquiz,3
butcherbox,butcherbox,3
Cabau Lifestyle,cabaulifestyle,3
Caitlyn Minimalist,caitlynminimalist,3
Compass Coffee Reviews,compasscoffeereviews,3
Crua,crua,3
Cuts Clothing,cutsclothing,3
Doughnut Time Seamless Customer Journey,doughnuttimeseamlesscustomerjourney,3
Ez Bombs,ezbombs,3
feastables,feastables,3
Freshly Cosmetics,freshlycosmetics,3
Function of Beauty,functionofbeauty,3
glamnetic,glamnetic,3
goodr,goodr,3
gozney,gozney,3
Grove Collaborative,grovecollaborative,3
gruns,gruns,3
Half Magic,halfmagic,3
Ilia Beauty,iliabeauty,3
International Homeware,internationalhomeware,3
Jaded London,jadedlondon,3
kopari,kopari,3
Kotn,kotn,3
leesa,leesa,3
Liquid Death,liquiddeath,3
manucurist,manucurist,3
Marc Fisher Footwear,marcfisherfootwear,3
Mejuri,mejuri,3
Ministry Of Supply,ministryofsupply,3
Momofuku,momofuku,3
monos,monos,3
Nakedcopenhagen Email,nakedcopenhagenemail,3
nanuk,nanuk,3
oatsome,oatsome,3
Objectsource,objectsource,3
obvi,obvi,3
Oh Polly,ohpolly,3
olipop,olipop,3
Psycho Bunny,psychobunny,3
Rumpl,rumpl,3
Simba Sleep,simbasleep,3
Snocks,snocks,3
SuitShop,suitshop,3
The Couture Club,thecoutureclub,3
tushy,tushy,3
UNTUCKit,untuckit,3
vuori,vuori,3
Alessi,alessi,2
aloha,aloha,2
amika,amika,2
Andie Swim,andieswim,2
Arc'teryx,arcteryx,2
Au Vodka,auvodka,2
Aura Bora,aurabora,2
Away,away,2
Balanceme,balanceme,2
Bare Minerals,bareminerals,2
Bare Performance Nutrition,bareperformancenutrition,2
Beauty Startup Email Revenue Increase,beautystartupemailrevenueincrease,2
Begin Health,beginhealth,2
beis,beis,2
Biossance,biossance,2
Birchbox,birchbox,2
Blenders Eyewear,blenderseyewear,2
blendjet,blendjet,2
Bombas,bombas,2
Bombay Shaving Company,bombayshavingcompany,2
bonlook,bonlook,2
Boozy,boozy,2
Brain Sleep,brainsleep,2
Bubs Naturals,bubsnaturals,2
Burrow,burrow,2
Campus Protein,campusprotein,2
Chaz Dean,chazdean,2
Chelsea Peers,chelseapeers,2
Chewy,chewy,2
circular,circular,2
cise,cise,2
Cocorico,cocorico,2
Cocunat,cocunat,2
corkcicle,corkcicle,2
Cornbread Hemp,cornbreadhemp,2
Creality,creality,2
Credo Beauty,credobeauty,2
crocs,crocs,2
curie,curie,2
Curology,curology,2
cuyana,cuyana,2
Decathlon,decathlon,2
Dr. Bronner's,drbronners,2
Dressbarn,dressbarn,2
Earthling Co,earthlingco,2
ethique,ethique,2
evereve,evereve,2
Every Man Jack,everymanjack,2
Eyewear Repeat Purchase Increase,eyewearrepeatpurchaseincrease,2
Faherty,faherty,2
Fashion Nova,fashionnova,2
feals,feals,2
Flybubble,flybubble,2
Frances Valentine Sms,francesvalentinesms,2
frankie4,frankie4,2
Fresh Clean Threads,freshcleanthreads,2
FROM FUTURE,fromfuture,2
G Fuel,gfuel,2
Garrett Popcorn,garrettpopcorn,2
Glow25,glow25,2
Good American,goodamerican,2
Good Protein,goodprotein,2
Goodrays Repurchase Rate,goodraysrepurchaserate,2
Graza,graza,2
Grüns,grns,2
Gymcoffee,gymcoffee,2
Halfdays,halfdays,2
Happy Wax,happywax,2
Harney Sons,harneysons,2
harrys,harrys,2
Healf,healf,2
Helen Of Troy,helenoftroy,2
Hellopets Wooof,hellopetswooof,2
hexclad,hexclad,2
Hims & Hers,himshers,2
Hop Wtr,hopwtr,2
Huron,huron,2
Ilia,ilia,2
Impact Dog Crates,impactdogcrates,2
Industry West,industrywest,2
James Wellbeloved Ab Testing,jameswellbelovedabtesting,2
Jb Hi Fi,jbhifi,2
Jenni Kayne,jennikayne,2
joggy,joggy,2
jott,jott,2
july,july,2
keen,keen,2
Kendra Scott,kendrascott,2
kizik,kizik,2
Kulani Kinis,kulanikinis,2
KURAND,kurand,2
La Maison Convertible,lamaisonconvertible,2
Laird Superfood Grows Email Revenue 102,lairdsuperfoodgrowsemailrevenue102,2
Lamarue,lamarue,2
Latico Leathers,laticoleathers,2
Laura Geller,laurageller,2
Le Petit Ballon,lepetitballon,2
Legal Sea Foods,legalseafoods,2
Legendary Foods,legendaryfoods,2
Lepantalon,lepantalon,2
Libas,libas,2
Liquid Iv,liquidiv,2
Little Words Project,littlewordsproject,2
Lovevery,lovevery,2
Maggy London,maggylondon,2
Magic Mind,magicmind,2
Manly Bands,manlybands,2
Manmade,manmade,2
Marine Layer,marinelayer,2
Marley Lilly,marleylilly,2
Mastermind Toys,mastermindtoys,2
Maëlys,malys,2
Mcconnells Fine Ice Creams,mcconnellsfineicecreams,2
Mebius,mebius,2
Metagenics,metagenics,2
Mocka,mocka,2
More Nutrition,morenutrition,2
Muscle Nation,musclenation,2
Nathan James,nathanjames,2
Nespresso,nespresso,2
Never Fully Dressed,neverfullydressed,2
Ninja Transfers,ninjatransfers,2
Nour Hammour,nourhammour,2
Nutrition Warehouse,nutritionwarehouse,2
nuun,nuun,2
Nuxe,nuxe,2
ogee,ogee,2
Olukai,olukai,2
Origin Coffee,origincoffee,2
Orthofeet,orthofeet,2
OSEA,osea,2
Our Place,ourplace,2
Outdoor Voices,outdoorvoices,2
Panda Tea Boosted,pandateaboosted,2
Parade,parade,2
Particle For Men,particleformen,2
patta,patta,2
Peloton,peloton,2
Phlur,phlur,2
Pi Co,pico,2
polysleep,polysleep,2
POLYWOOD,polywood,2
Portland Leather Goods,portlandleathergoods,2
Prose,prose,2
Pura Vida Bracelets,puravidabracelets,2
Quad Lock,quadlock,2
Radley London,radleylondon,2
Rarebeauty,rarebeauty,2
raycon,raycon,2
Refy Beauty,refybeauty,2
Relive,relive,2
represent,represent,2
ReserveBar,reservebar,2
Rest,rest,2
Ruggable,ruggable,2
Russell Hendrix,russellhendrix,2
Saatva,saatva,2
schleich,schleich,2
Sea Bags,seabags,2
Serge Blanco,sergeblanco,2
Shape Republic,shaperepublic,2
Shine On,shineon,2
Sigma Sports,sigmasports,2
Singular Society,singularsociety,2
Skims,skims,2
Stadium Goods,stadiumgoods,2
staples,staples,2
Stores Et Rideaux,storesetrideaux,2
Studio Movie Grill,studiomoviegrill,2
studs,studs,2
svenfish,svenfish,2
Ten Little,tenlittle,2
Tennis Giant,tennisgiant,2
The Female Company,thefemalecompany,2
The Messi Store,themessistore,2
The Oodie,theoodie,2
The Vitamin Shoppe,thevitaminshoppe,2
threadheads,threadheads,2
Thrive Causemetics,thrivecausemetics,2
Tommy John,tommyjohn,2
Trove Brands,trovebrands,2
True Classic,trueclassic,2
Tuesday Morning,tuesdaymorning,2
Tushbaby,tushbaby,2
ULE Group,ulegroup,2
Ultra Football,ultrafootball,2
V's Barbershop,vsbarbershop,2
volcom,volcom,2
Wacoal,wacoal,2
0 To 100k Subscribers,0to100ksubscribers,1
100 Percent Pure,100percentpure,1
100pure,100pure,1
13seeds,13seeds,1
1906,1906,1
4ocean,4ocean,1
6 Reasons Top Brands Leave Traditional Marketing Solutions,6reasonstopbrandsleavetraditionalmarketingsolutions,1
707 Street,707street,1
77X,77x,1
7b Boardshop,7bboardshop,1
A Pup Above,apupabove,1
Abode Living,abodeliving,1
Absolute Web,absoluteweb,1
Active Truth,activetruth,1
Ad Council Love Has No Labels,adcouncillovehasnolabels,1
aetrex,aetrex,1
Aeyla,aeyla,1
Ag Jeans,agjeans,1
Aged Ore,agedore,1
Agood Company,agoodcompany,1
Aila,aila,1
Aimer,aimer,1
Aimé Leon Dore,aimleondore,1
Air France,airfrance,1
Airoasis Ads By Cory,airoasisadsbycory,1
Aje,aje,1
Akt London,aktlondon,1
alc,alc,1
Aldo Group,aldogroup,1
Alex and Ani,alexandani,1
Alice Mushrooms,alicemushrooms,1
Alive Body,alivebody,1
All 4 Cycling,all4cycling,1
Allermi,allermi,1
alleyoop,alleyoop,1
Allied Medical,alliedmedical,1
ALO,alo,1
Alo Yoga,aloyoga,1
alpaka,alpaka,1
Alpha Box,alphabox,1
Alternative Brewing,alternativebrewing,1
amazfit,amazfit,1
Amr Hair,amrhair,1
Ananday,ananday,1
Ancestral Supplements,ancestralsupplements,1
Andcollar,andcollar,1
Angelus Direct,angelusdirect,1
Animals Matter,animalsmatter,1
Anker,anker,1
Annmarie Skin Care,annmarieskincare,1
Antonioli,antonioli,1
Apl,apl,1
apothekary,apothekary,1
applovin,applovin,1
Appointed,appointed,1
Aras,aras,1
Arhaus,arhaus,1
Arizona Beverages,arizonabeverages,1
Art Of Tea,artoftea,1
Asphalte,asphalte,1
Astrid,astrid,1
Atelier Commerce,ateliercommerce,1
Athletic Brewing Co.,athleticbrewingco,1
Atkin And Thyme,atkinandthyme,1
attaboy,attaboy,1
Attitude Living,attitudeliving,1
Attn Bones Coffee Company,attnbonescoffeecompany,1
Attn Grace,attngrace,1
Audio Advice,audioadvice,1
August,august,1
avara,avara,1
Awe Inspired,aweinspired,1
Baboon to the Moon,baboontothemoon,1
Baby Mori,babymori,1
Babylist,babylist,1
Backyard Butchers,backyardbutchers,1
Badgley Mischka,badgleymischka,1
BAGGU,baggu,1
Bala,bala,1
Balanced Rock,balancedrock,1
Balsam Hill,balsamhill,1
Bambi Baby,bambibaby,1
Bambu Earth,bambuearth,1
bandier,bandier,1
Bared Footwear,baredfootwear,1
Bark,bark,1
Barrister Mann,barristermann,1
batch,batch,1
Bathu,bathu,1
Battlbox,battlbox,1
Bauer,bauer,1
Bay Area Rapid Transit Bart,bayarearapidtransitbart,1
Bdellium Tools,bdelliumtools,1
Beam,beam,1
Beard,beard,1
beardbrand,beardbrand,1
bearpaw,bearpaw,1
Beast Buckle,beastbuckle,1
Beauty Heroes,beautyheroes,1
Beauty of Joseon,beautyofjoseon,1
beddy,beddy,1
bedjet,bedjet,1
Beekeepers Naturals,beekeepersnaturals,1
beerhawk,beerhawk,1
Belstaff,belstaff,1
Bentley,bentley,1
Berkey Filters,berkeyfilters,1
bev,bev,1
Beyond Yoga,beyondyoga,1
Bhu Foods,bhufoods,1
bimble,bimble,1
BioLite,biolite,1
Bird And Blend,birdandblend,1
Bite,bite,1
BK Beauty,bkbeauty,1
Blakely,blakely,1
Blenderbottle,blenderbottle,1
Blenders Eyewear Hyper Growth,blenderseyewearhypergrowth,1
Blindster Vibe Darlington,blindstervibedarlington,1
bloomers,bloomers,1
Blue Apron,blueapron,1
Blue Banana,bluebanana,1
Blue Banana Brand,bluebananabrand,1
Boardroom Socks,boardroomsocks,1
Boat Outfitters,boatoutfitters,1
Bobo Choses,bobochoses,1
Boden,boden,1
Boie,boie,1
Boll,boll,1
Bols,bols,1
Bombshell Sportswear,bombshellsportswear,1
bombtech,bombtech,1
Bonaventura,bonaventura,1
bondiboost,bondiboost,1
Bonia,bonia,1
Boom Foods,boomfoods,1
Boost Auto,boostauto,1
Boreal Folk,borealfolk,1
Boxraw,boxraw,1
Bpi Sports,bpisports,1
Branch,branch,1
Brand Collective,collective,1
Brand Drake Related,drakerelated,1
Brandon Blackwood,brandonblackwood,1
Braun Buffel,braunbuffel,1
Braxley Bands,braxleybands,1
Breath Death,breathdeath,1
brez,brez,1
briogeo,briogeo,1
Brisbane City Council,brisbanecitycouncil,1
British Heart Foundation,britishheartfoundation,1
Bro Glo,broglo,1
brodo,brodo,1
brothers,brothers,1
bryght,bryght,1
bstore,bstore,1
Buck Mason,buckmason,1
Buckle Me Baby,bucklemebaby,1
Buddha Board,buddhaboard,1
Bulletproof,bulletproof,1
bullybillows,bullybillows,1
Buoy Sms,buoysms,1
busabout,busabout,1
Bushbalm,bushbalm,1
Busy Bee Tools,busybeetools,1
By Humankind,byhumankind,1
Bydee,bydee,1
Bylt Basics,byltbasics,1
C3 Presents Optimize Sms,c3presentsoptimizesms,1
Cabana Magazine,cabanamagazine,1
Caden Lane,cadenlane,1
Caden Lane Automation Revenue,cadenlaneautomationrevenue,1
Cake Agency,cakeagency,1
Callies Hot Little Biscuit Loyalty,callieshotlittlebiscuitloyalty,1
Calpak,calpak,1
Cambridge Satchel Company,cambridgesatchelcompany,1
Cane Brew,canebrew,1
Cann Cbd,canncbd,1
canopy,canopy,1
Car Toys,cartoys,1
Cara Cara,caracara,1
Caraway Home,carawayhome,1
Carbahn,carbahn,1
Care Outlet,careoutlet,1
Care/of,careof,1
Cargo Crew,cargocrew,1
carpe,carpe,1
Carrier,carrier,1
Carter's,carters,1
Casadigi Media,casadigimedia,1
casely,casely,1
casio,casio,1
Castaner,castaner,1
castoramapl,castoramapl,1
catbird,catbird,1
Catori Clothing,catoriclothing,1
caulipower,caulipower,1
Center Open Science Automation Higher Click Rates,centeropenscienceautomationhigherclickrates,1
Ceramicspeed,ceramicspeed,1
Ceylon,ceylon,1
chaeban,chaeban,1
Chai Guys,chaiguys,1
Chamberlain Coffee,chamberlaincoffee,1
Cheak,cheak,1
Chiikawa,chiikawa,1
chomps,chomps,1
Chris Cote Golf,chriscotegolf,1
Christy Ng,christyng,1
Chukar Cherries Roi,chukarcherriesroi,1
cidercade,cidercade,1
circulon,circulon,1
City Bonfires,citybonfires,1
Clear Within,clearwithin,1
Clive Coffee,clivecoffee,1
Closet London,closetlondon,1
clove,clove,1
Club Brugge,clubbrugge,1
Club Harry,clubharry,1
Coal Headwear,coalheadwear,1
Coes Uk,coesuk,1
Coffee Beanery,coffeebeanery,1
Collars Co,collarsco,1
ColourPop,colourpop,1
Cometeer,cometeer,1
Complex Networks,complexnetworks,1
Coombe Farm Organic,coombefarmorganic,1
Copper Cow Coffee,coppercowcoffee,1
Coravin,coravin,1
cordings,cordings,1
Cords Club,cordsclub,1
corneacare,corneacare,1
COSRX,cosrx,1
Cotopaxi,cotopaxi,1
Country Thunder Popup Forms,countrythunderpopupforms,1
Cozey,cozey,1
Cozykids,cozykids,1
Craft Gin Club,craftginclub,1
Craftd London,craftdlondon,1
Crane & Canopy,cranecanopy,1
Crate and Barrel Singapore,crateandbarrelsingapore,1
createur,createur,1
Creative Solutions,creativesolutions,1
Creekside Nursery,creeksidenursery,1
Crep Protect,crepprotect,1
Criquet Shirts,criquetshirts,1
Crossrope,crossrope,1
Crown Resorts,crownresorts,1
Cube Partnership,cubepartnership,1
Cup Of Arms,cupofarms,1
Custom Ink,customink,1
cykloteket,cykloteket,1
Cynthia Rowley,cynthiarowley,1
Dagne Dover,dagnedover,1
Daiso,daiso,1
Dalfilo,dalfilo,1
Dana Rebecca,danarebecca,1
Daniel Wellington,danielwellington,1
Darche,darche,1
Darn Good Yarn,darngoodyarn,1
David Donahue,daviddonahue,1
Davids Bridal,davidsbridal,1
Decked,decked,1
Decor Steals,decorsteals,1
Delugs,delugs,1
Denim Tears,denimtears,1
Derek Rose,derekrose,1
Desky,desky,1
Desmond,desmond,1
DEUX,deux,1
Deux par Deux,deuxpardeux,1
Devoción,devocin,1
Diane Von Furstenberg,dianevonfurstenberg,1
Diaspora,diaspora,1
diff,diff,1
dime,dime,1
Dirty Labs,dirtylabs,1
Dixxon Flannel Company,dixxonflannelcompany,1
Doe Beauty,doebeauty,1
Doe Lashes,doelashes,1
Doitcenter Pa,doitcenterpa,1
domu,domu,1
Donald Russell,donaldrussell,1
Donner,donner,1
Dose Of Colors,doseofcolors,1
Dr Sams,drsams,1
Drizly,drizly,1
Dryeye Rescue,dryeyerescue,1
Dtcpg Absorption,dtcpgabsorption,1
duer,duer,1
dunhill,dunhill,1
Duradry,duradry,1
E Marinella,emarinella,1
Easy Spirit,easyspirit,1
Easystandard,easystandard,1
Eaze,eaze,1
EB Denim,ebdenim,1
Ecig Distributors,ecigdistributors,1
Ecobio Boutique,ecobioboutique,1
Ecoflow,ecoflow,1
Eden Park,edenpark,1
Edgard Cooper,edgardcooper,1
Egglands Best Drives Growth,egglandsbestdrivesgrowth,1
Eight Sleep,eightsleep,1
ekster,ekster,1
Eleat Cereal,eleatcereal,1
Elevated Faith,elevatedfaith,1
Elite Eleven,eliteeleven,1
Elk Springs Resort,elkspringsresort,1
Ellana Cosmetics,ellanacosmetics,1
Elle Sera,ellesera,1
Email Experience,emailexperience,1
Emazinglights,emazinglights,1
Emi Jay,emijay,1
Emma Bridgewater,emmabridgewater,1
Emu Ridge,emuridge,1
Emuaid,emuaid,1
En Gold,engold,1
Endorphins,endorphins,1
Endorphins Running,endorphinsrunning,1
eos,eos,1
Escalade Sports,escaladesports,1
Esmi,esmi,1
Esmi Skin Minerals,esmiskinminerals,1
Esmi Skin Minerals Australia,esmiskinmineralsaustralia,1
Essentialbeautyandpiercing Personalised Marketing,essentialbeautyandpiercingpersonalisedmarketing,1
Estelle Colored Glass,estellecoloredglass,1
Esther And Co,estherandco,1
Eureka Restaurant Group,eurekarestaurantgroup,1
Everlast,everlast,1
Everyday Dose,everydaydose,1
evestar,evestar,1
Exhale Coffee,exhalecoffee,1
expedia,expedia,1
Fable,fable,1
Fabletics,fabletics,1
Fairfax,fairfax,1
Fancii & Co.,fanciico,1
fanjoy,fanjoy,1
Farm Hounds,farmhounds,1
Farrows,farrows,1
Fashion Bunker,fashionbunker,1
Fast Growing Trees Sms,fastgrowingtreessms,1
Fathead,fathead,1
Fauchon,fauchon,1
febu,febu,1
Femme Luxe Uk,femmeluxeuk,1
Field Company,fieldcompany,1
Fiesta Tableware,fiestatableware,1
Filling Pieces,fillingpieces,1
filson,filson,1
Filtrous,filtrous,1
Finisterre,finisterre,1
Finn,finn,1
Fire Dept Coffee,firedeptcoffee,1
Firebelly,firebelly,1
fishwife,fishwife,1
fjellsport,fjellsport,1
flamingo,flamingo,1
Flaviar,flaviar,1
flewd,flewd,1
flock,flock,1
Flow Water,flowwater,1
Flux Footwear,fluxfootwear,1
Flying Tiger Copenhagen,flyingtigercopenhagen,1
For Others,forothers,1
Force Of Nature,forceofnature,1
fordays,fordays,1
Former Bronto Brands Seek Bronto Alternative,formerbrontobrandsseekbrontoalternative,1
Four Sigmatic,foursigmatic,1
Fox Sports Wow,foxsportswow,1
Fragrancenet Com,fragrancenetcom,1
Framebridge,framebridge,1
FRANC,franc,1
Francfranc,francfranc,1
Frank,frank,1
Free The Roots,freetheroots,1
Fresh Chile Co,freshchileco,1
Fresh Patch,freshpatch,1
frey,frey,1
frostbuddy,frostbuddy,1
Fuego Dance,fuegodance,1
Function18,function18,1
Funk It Wellness,funkitwellness,1
Funnyfuzzy,funnyfuzzy,1
Future Glass,futureglass,1
Gains In Bulk,gainsinbulk,1
Gamer Supps,gamersupps,1
gardyn,gardyn,1
Ge Appliances,geappliances,1
Geek Tropical,geektropical,1
Geeks Who Drink Dynamic Content,geekswhodrinkdynamiccontent,1
Genussvoll Kommunizieren E Mail Marketing Bei Viani,genussvollkommunizierenemailmarketingbeiviani,1
geologie,geologie,1
georgiemane,georgiemane,1
Gesswein,gesswein,1
Get Better,getbetter,1
Ghostbed,ghostbed,1
Giesswein,giesswein,1
Girls With Gems,girlswithgems,1
Giva,giva,1
gizio,gizio,1
Glamlite,glamlite,1
GLAMRDiP,glamrdip,1
Glasvin,glasvin,1
gleefull,gleefull,1
Glow Recipe,glowrecipe,1
Glowdega Boulevard,glowdegaboulevard,1
Glowforge,glowforge,1
Goat Foods,goatfoods,1
Goby,goby,1
golde,golde,1
Golden Hippo,goldenhippo,1
Golf Kicks,golfkicks,1
Good Protein Sms Customer Service And Marketing,goodproteinsmscustomerserviceandmarketing,1
Good Ranchers,goodranchers,1
Goorin Bros,goorinbros,1
Gorilla Bow,gorillabow,1
Gourmet Gift Baskets,gourmetgiftbaskets,1
Grace,grace,1
Grace Loves Lace,graceloveslace,1
Grassland Market,grasslandmarket,1
gratsi,gratsi,1
Grayvault And Shearcomfort,grayvaultandshearcomfort,1
Greco Gum,grecogum,1
Green Goo,greengoo,1
Gresham Blake,greshamblake,1
grinds,grinds,1
groovelife,groovelife,1
Groupe Marcelle,groupemarcelle,1
growoya,growoya,1
Grunt Style,gruntstyle,1
Guideposts,guideposts,1
Gunner Kennels,gunnerkennels,1
Guru Energy,guruenergy,1
GuruNanda,gurunanda,1
Gymwrap Sms,gymwrapsms,1
Haakaa,haakaa,1
Halfday,halfday,1
Hamilton Island,hamiltonisland,1
hammitt,hammitt,1
Happy Hippo,happyhippo,1
Happy Mammoth,happymammoth,1
Happy V,happyv,1
Happy Viking,happyviking,1
Happy Way,happyway,1
Hard Yakka,hardyakka,1
Harney And Sons,harneyandsons,1
Harper Wilde,harperwilde,1
Harry Rosen,harryrosen,1
hart,hart,1
Hasbro Pulse,hasbropulse,1
Hat Club,hatclub,1
Havens Luxury Metals,havensluxurymetals,1
Healthy Metal,healthymetal,1
Heart Magic Cacao,heartmagiccacao,1
Heatonist,heatonist,1
Hedley And Bennett,hedleyandbennett,1
heights,heights,1
Heinz To Home,heinztohome,1
hellobello,hellobello,1
helloworld,helloworld,1
Her Lip To,herlipto,1
Heritage Steel,heritagesteel,1
Hertha Bsc,herthabsc,1
hestan,hestan,1
hikoco,hikoco,1
Hims & Hers Health,himshershealth,1
Hint,hint,1
holy,holy,1
Homage Apparel,homageapparel,1
Home Security Superstore,homesecuritysuperstore,1
homefield,homefield,1
Hommey,hommey,1
Honest,honest,1
Honey Birdette,honeybirdette,1
Hoonigan,hoonigan,1
House Of Chikankari,houseofchikankari,1
How I And Love And You Increased Cvr By 4x,howiandloveandyouincreasedcvrby4x,1
hubo,hubo,1
Huda Beauty,hudabeauty,1
Huel,huel,1
Huha,huha,1
Hunter,hunter,1
hush,hush,1
Hydromate,hydromate,1
Hylo Athletics,hyloathletics,1
hype10,hype10,1
I And Love And You,iandloveandyou,1
Ideal Image Double Impact Sms Email,idealimagedoubleimpactsmsemail,1
Imgadgets,imgadgets,1
Immi,immi,1
Impex Of Doral,impexofdoral,1
In Common Beauty,incommonbeauty,1
inaessentials,inaessentials,1
Incu,incu,1
Inherit Clothing,inheritclothing,1
Inno Supps,innosupps,1
Innonature,innonature,1
Insane Labz,insanelabz,1
Insert Name Here,insertnamehere,1
inspiir,inspiir,1
Instant Hydration,instanthydration,1
Intake Breathing,intakebreathing,1
International Military Antiques,internationalmilitaryantiques,1
Intersport,intersport,1
inveterate,inveterate,1
Italist,italist,1
Itokri,itokri,1
J Lindeberg,jlindeberg,1
Jabra Enhance,jabraenhance,1
Jack Erwin,jackerwin,1
Jack Rogers,jackrogers,1
Jacked Up Fitness,jackedupfitness,1
Jamie Oliver,jamieoliver,1
jaxxon,jaxxon,1
Jbalvin,jbalvin,1
Jco,jco,1
Jeff De Bruges,jeffdebruges,1
Jeffree Star Cosmetics,jeffreestarcosmetics,1
Jenny Bird Post Purchase Upsell Shopify,jennybirdpostpurchaseupsellshopify,1
Jenny Craig,jennycraig,1
Jibby Coffee,jibbycoffee,1
Jigsaw,jigsaw,1
Johnnie O,johnnieo,1
JOHO Design Studio,johodesignstudio,1
Jojo Maman Bebe,jojomamanbebe,1
Jones Road,jonesroad,1
Jordan Craig,jordancraig,1
Joseph Joseph,josephjoseph,1
Josie Maran,josiemaran,1
jot,jot,1
Journee Collections,journeecollections,1
Juiced Bikes,juicedbikes,1
JuneShine,juneshine,1
Jung Kwan Jang Marketing,jungkwanjangmarketing,1
Jungalow,jungalow,1
Jungluck,jungluck,1
Just Ingredients,justingredients,1
JW PEI,jwpei,1
K Swiss,kswiss,1
K Way,kway,1
kaged,kaged,1
Kamakura Beniya,kamakurabeniya,1
Kanademono,kanademono,1
Kanro,kanro,1
Kash Beauty,kashbeauty,1
Kate Hewko,katehewko,1
Kate Somerville,katesomerville,1
kathmandu,kathmandu,1
Kaylin And Kaylin Pickles Increase Engagement Switch Klaviyo,kaylinandkaylinpicklesincreaseengagementswitchklaviyo,1
Keap Athletics,keapathletics,1
Kenny Flowers,kennyflowers,1
Kesko Senukai Digital,keskosenukaidigital,1
Kettlemans Bagel,kettlemansbagel,1
Keyzar Jewelry,keyzarjewelry,1
Kickass Products,kickassproducts,1
kilikanoon,kilikanoon,1
killstar,killstar,1
Kimbo,kimbo,1
Kind Patches,kindpatches,1
Kindroot,kindroot,1
Kingdom Kratom,kingdomkratom,1
Kinto,kinto,1
Kinvara Skin,kinvaraskin,1
kitsie,kitsie,1
KM Tools,kmtools,1
Knya,knya,1
Koala Eco,koalaeco,1
Koh,koh,1
KollectionK,kollectionk,1
Konditor,konditor,1
Konges Slojd,kongesslojd,1
Kooks,kooks,1
kravebeauty,kravebeauty,1
Kuru,kuru,1
Kv Essentials,kvessentials,1
Kylie Cosmetics,kyliecosmetics,1
La La Land,lalaland,1
La Rosee,larosee,1
Laird Superfood,lairdsuperfood,1
Laird Superfood Owned Marketing Expansion,lairdsuperfoodownedmarketingexpansion,1
Lakor,lakor,1
Lalo,lalo,1
Lambert,lambert,1
Lamy,lamy,1
lanx,lanx,1
Larroude,larroude,1
Lashify,lashify,1
Laura James,laurajames,1
Lazrus,lazrus,1
Le Slip Francais,leslipfrancais,1
Lechameau,lechameau,1
Leonisa,leonisa,1
Lesportsac,lesportsac,1
letanneur,letanneur,1
Letterkenny,letterkenny,1
Lids,lids,1
Life Interiors,lifeinteriors,1
lifestraw,lifestraw,1
Lilac St,lilacst,1
Linksoul,linksoul,1
Lion Brand Yarn,lionbrandyarn,1
Lippy Clip,lippyclip,1
Liquor Loot,liquorloot,1
Little Saints,littlesaints,1
Live Bearded,livebearded,1
Live Fast Die Young,livefastdieyoung,1
livfresh,livfresh,1
Lola,lola,1
Lolas Cupcakes,lolascupcakes,1
Lomi,lomi,1
Lord,lord,1
Lord Jones,lordjones,1
Lords And Labradors,lordsandlabradors,1
Lotus Luna,lotusluna,1
Lounge Underwear,loungeunderwear,1
Love Your Melon,loveyourmelon,1
loverboy,loverboy,1
Lucky Saint,luckysaint,1
Luka Doncic 77x,lukadoncic77x,1
Lull,lull,1
Lulu,lulu,1
Luma Nutrition,lumanutrition,1
Lung Cancer Research Foundation Popupforms,lungcancerresearchfoundationpopupforms,1
Luno,luno,1
Lush Cosmetics,lushcosmetics,1
Luvme Hair,luvmehair,1
Luxor Linens,luxorlinens,1
Lvly,lvly,1
lyres,lyres,1
Mac Duggal,macduggal,1
Madden Media Traveler Engagement,maddenmediatravelerengagement,1
Made By Mary,madebymary,1
madrabbit,madrabbit,1
maev,maev,1
Magnolia,magnolia,1
Maine Lobster Now,mainelobsternow,1
Maison Miru,maisonmiru,1
Makari,makari,1
Makerflo,makerflo,1
Mandaue Foam,mandauefoam,1
Manduka,manduka,1
manscaped,manscaped,1
Manukora,manukora,1
Marc Jacobs,marcjacobs,1
Marc's Magic Rub,marcsmagicrub,1
March Hares,marchhares,1
Marine Layer Product Recommendations,marinelayerproductrecommendations,1
Mary Ruth Organics,maryruthorganics,1
Matcha.com,matchacom,1
matchabar,matchabar,1
Mattel Creations,mattelcreations,1
maude,maude,1
Maui Nui Venison,mauinuivenison,1
Maverick by Logan Paul,maverickbyloganpaul,1
Mcdonalds Monopoly,mcdonaldsmonopoly,1
Meaghers Pharmacy,meagherspharmacy,1
Mecca,mecca,1
medik8,medik8,1
medterra,medterra,1
Melvin Hamilton,melvinhamilton,1
Memobottle,memobottle,1
Merci Handy,mercihandy,1
merkur,merkur,1
Merz B Schwanen,merzbschwanen,1
Metabolic Meals,metabolicmeals,1
MeUndies,meundies,1
Michael Kors,michaelkors,1
Midnight Hour,midnighthour,1
MIgardener,migardener,1
Miki House,mikihouse,1
mila,mila,1
Milk Bar,milkbar,1
Millie Loves Lily,millieloveslily,1
Milligram,milligram,1
Mini Katana,minikatana,1
minnow,minnow,1
Misona,misona,1
Mister K,misterk,1
Mizzen,mizzen,1
mockingbird,mockingbird,1
modifly,modifly,1
Modular Closets,modularclosets,1
Mojo Country Club,mojocountryclub,1
Mokobara,mokobara,1
Molekule,molekule,1
Molly Green,mollygreen,1
Molson Coors Beverage Company,molsoncoorsbeveragecompany,1
Monte Carlo,montecarlo,1
Monte Design,montedesign,1
mood,mood,1
moodi,moodi,1
Moon Juice,moonjuice,1
Moonboon,moonboon,1
moonbrew,moonbrew,1
Moonglow Jewelry,moonglowjewelry,1
Morrison,morrison,1
Morsel Munk,morselmunk,1
MOSH,mosh,1
Motel A Miio,motelamiio,1
mountaingirlclothing,mountaingirlclothing,1
Move Insoles,moveinsoles,1
moxielash,moxielash,1
mpix,mpix,1
Mr Diy,mrdiy,1
Mr Roses,mrroses,1
Ms Read,msread,1
MUD\WTR,mudwtr,1
Muddy Bites,muddybites,1
mugsy,mugsy,1
Mulmul,mulmul,1
Murad,murad,1
Mustang Survival,mustangsurvival,1
Mustard Made,mustardmade,1
My Community Made,mycommunitymade,1
My Girlfriends Quilt Shoppe,mygirlfriendsquiltshoppe,1
My Olivea,myolivea,1
Myfitfoods,myfitfoods,1
Mz Wallace,mzwallace,1
naali,naali,1
Nadar Cos,nadarcos,1
Naked Harvest,nakedharvest,1
Nakedcashmere,nakedcashmere,1
Namuk,namuk,1
Nani Swimwear,naniswimwear,1
nanobike,nanobike,1
Nanoleaf,nanoleaf,1
nanso,nanso,1
National Efficiency,nationalefficiency,1
Natura Selection,naturaselection,1
Natural Baby Shower,naturalbabyshower,1
Natural Form,naturalform,1
naturium,naturium,1
Naturopathica,naturopathica,1
Ndtc Marketing,ndtcmarketing,1
ned,ned,1
Negative Underwear,negativeunderwear,1
Neom Wellbeing,neomwellbeing,1
Netflix Merch Shop,netflixmerchshop,1
New West Knifeworks,newwestknifeworks,1
Nextbase Personalized Experiences,nextbasepersonalizedexperiences,1
Nike,nike,1
Nira Skincare,niraskincare,1
Nissin Foods,nissinfoods,1
Nobull,nobull,1
Nomad,nomad,1
Not Pot,notpot,1
Nourished Market,nourishedmarket,1
Nrby Clothing,nrbyclothing,1
nrma,nrma,1
Nudient,nudient,1
NuRange Coffee,nurangecoffee,1
nuskool,nuskool,1
nuud,nuud,1
Nydj,nydj,1
Nzxt,nzxt,1
Oakywood,oakywood,1
Oats Overnight,oatsovernight,1
Obutsudannohasegawa,obutsudannohasegawa,1
Oceanus Swimwear,oceanusswimwear,1
Octopied Mind,octopiedmind,1
Odaje,odaje,1
Odd Brooklyn,oddbrooklyn,1
odele,odele,1
Offbeat Bikes,offbeatbikes,1
Oh My Cream,ohmycream,1
ohsnap,ohsnap,1
omni,omni,1
omnilux,omnilux,1
Omy Laboratoires,omylaboratoires,1
On Glass,onglass,1
On Running,onrunning,1
One Championship,onechampionship,1
oneblade,oneblade,1
oneill,oneill,1
Onewheel,onewheel,1
Only Curls,onlycurls,1
Ooni,ooni,1
OpenStore,openstore,1
opopop,opopop,1
Optimizely Test,optimizelytest,1
origin,origin,1
Original Grain,originalgrain,1
Orla Kiely,orlakiely,1
Orlebar Brown,orlebarbrown,1
Orveon Global,orveonglobal,1
Otherland Sms,otherlandsms,1
outcast,outcast,1
Outrigger Hotels Resorts,outriggerhotelsresorts,1
OVO,ovo,1
Oz Hair,ozhair,1
P,p,1
P Louise,plouise,1
Paceline,paceline,1
Pacific Manufacturing,pacificmanufacturing,1
pacifica,pacifica,1
packd,packd,1
Paige,paige,1
Pair Eyewear,paireyewear,1
Pair Of Thieves,pairofthieves,1
Panda Tea,pandatea,1
Pangaia,pangaia,1
pangobooks,pangobooks,1
PantryShop,pantryshop,1
Paper Shoot Camera,papershootcamera,1
Paperlike,paperlike,1
Papier,papier,1
Parachute,parachute,1
Park Seed,parkseed,1
Parts Avatar,partsavatar,1
Pashion Footwear,pashionfootwear,1
Passenger,passenger,1
pastreez,pastreez,1
Patrick Ta,patrickta,1
Paul,paul,1
Paw,paw,1
Paw Com,pawcom,1
Pbs Engages Viewers,pbsengagesviewers,1
peaches,peaches,1
Peacock Alley,peacockalley,1
Pedal Mafia,pedalmafia,1
Peepers,peepers,1
pelagic,pelagic,1
Penguin Books,penguinbooks,1
Pepper Palace,pepperpalace,1
Performix Driven,performixdriven,1
Perry Ellis,perryellis,1
Persona Nutrition,personanutrition,1
pescience,pescience,1
Petal,petal,1
Peter Sheppard Footwear,petersheppardfootwear,1
Petit Bateau,petitbateau,1
petmeds,petmeds,1
Petstop,petstop,1
Pilgrim,pilgrim,1
Pinalli,pinalli,1
Pineapple Dance Studios,pineappledancestudios,1
Pink Gellac,pinkgellac,1
Piral,piral,1
Pittarosso,pittarosso,1
Pixi Beauty,pixibeauty,1
Plantoys,plantoys,1
Polar Bespoke Fashion,polarbespokefashion,1
Pool Day,poolday,1
Pop Chart,popchart,1
Pop Mart Mexico,popmartmexico,1
popflex,popflex,1
Poppy Barley,poppybarley,1
Poppys Picnic,poppyspicnic,1
Porter Media,portermedia,1
Posh Peanut,poshpeanut,1
Positive Grid,positivegrid,1
possible,possible,1
potgang,potgang,1
Premier,premier,1
Pretty Litter,prettylitter,1
Primal Queen,primalqueen,1
Primally Pure,primallypure,1
Primary Goods,primarygoods,1
Prime,prime,1
Primitive Skate,primitiveskate,1
Printamental,printamental,1
Priority Bicycles Shopify,prioritybicyclesshopify,1
Pro Partner Icnd Grow Revenue,propartnericndgrowrevenue,1
Profumerie Griffe,profumeriegriffe,1
Progress Jiu Jitsu,progressjiujitsu,1
Prospect Knight Mac Duggal,prospectknightmacduggal,1
Psychedelic Water,psychedelicwater,1
Pullup,pullup,1
Pulp Pantry,pulppantry,1
Pulse Boutique,pulseboutique,1
Pupsentials,pupsentials,1
Pura,pura,1
Pura Scents,purascents,1
Pura Vida,puravida,1
Purdy And Figg,purdyandfigg,1
Purple,purple,1
Quokka Brew,quokkabrew,1
racq,racq,1
Rainbow Shops,rainbowshops,1
Rainier Watch,rainierwatch,1
Rains,rains,1
Rat And Boa,ratandboa,1
Rausch,rausch,1
Razor Group,razorgroup,1
Real Good Coffee Co.,realgoodcoffeeco,1
Really Good Boxed Wine,reallygoodboxedwine,1
Reason Clothing,reasonclothing,1
Recess,recess,1
Red Bull,redbull,1
Red Clay,redclay,1
Redmond,redmond,1
Redmond Life,redmondlife,1
Reformation,reformation,1
Regimen Lab,regimenlab,1
remi,remi,1
Remy Cointreau,remycointreau,1
Renards Cheese,renardscheese,1
Rent the Runway,renttherunway,1
rentoza,rentoza,1
Renue By Science,renuebyscience,1
Reports Library,reportslibrary,1
Reprise Symetrics,reprisesymetrics,1
reshoevn8r,reshoevn8r,1
Restickity,restickity,1
Revolution Beauty,revolutionbeauty,1
Rex Specs,rexspecs,1
Rhode,rhode,1
Rhode Skin,rhodeskin,1
Ries,ries,1
Riff Raff,riffraff,1
Right Left Agency,rightleftagency,1
Righteous Felon,righteousfelon,1
ripndip,ripndip,1
Ritual,ritual,1
Roar Studios,roarstudios,1
Robert Dyas,robertdyas,1
Robin Golf,robingolf,1
Rollie Nation,rollienation,1
Roma Designer Jewelry,romadesignerjewelry,1
Ronaldo Jewelry,ronaldojewelry,1
Roswell Nyc Agency,roswellnycagency,1
Rowing Blazers,rowingblazers,1
Rsn8 Media Talentless,rsn8mediatalentless,1
Rsvp Paris,rsvpparis,1
Rudis,rudis,1
Rudsak,rudsak,1
rux,rux,1
Rylee,rylee,1
Ryzon,ryzon,1
Saba Klaviyo,sabaklaviyo,1
Safe Vault Store,safevaultstore,1
Sage and Clare,sageandclare,1
Saint And Sofia,saintandsofia,1
Saint Charles Apothecary,saintcharlesapothecary,1
Salt and Stone,saltandstone,1
Salt Boutique,saltboutique,1
Samsonite,samsonite,1
Sanjo,sanjo,1
Sanyo Shokai,sanyoshokai,1
sanzo,sanzo,1
saranoni,saranoni,1
sardel,sardel,1
sarelly,sarelly,1
Saturday Club,saturdayclub,1
Scotts Flowers Nyc,scottsflowersnyc,1
Sculpted By Aimee,sculptedbyaimee,1
Sea Vees,seavees,1
Sease,sease,1
Sennheiser,sennheiser,1
Sephora,sephora,1
Serpentine Galleries,serpentinegalleries,1
Sferra Fine Linens,sferrafinelinens,1
Shaping New Tomorrow,shapingnewtomorrow,1
She Reads Truth,shereadstruth,1
Sheets Giggles,sheetsgiggles,1
Shelden Healthcare,sheldenhealthcare,1
Shinola,shinola,1
Shock Surplus,shocksurplus,1
Shokz,shokz,1
shoott,shoott,1
Shop Beer Gear,shopbeergear,1
Shop Miss A,shopmissa,1
Show Me Your Mumu,showmeyourmumu,1
Shrimp Grits Kids,shrimpgritskids,1
Signify Employee Ugc,signifyemployeeugc,1
siksilk,siksilk,1
Silksilky,silksilky,1
Simba,simba,1
Simkhai,simkhai,1
Simon Pearce,simonpearce,1
Simple Modern,simplemodern,1
Simply Earth,simplyearth,1
simulate,simulate,1
Sinclair Broadcasting Group,sinclairbroadcastinggroup,1
Sitka Salmon Shares,sitkasalmonshares,1
skiessentials,skiessentials,1
Skin First,skinfirst,1
Skin Inc,skininc,1
Skinnydip London,skinnydiplondon,1
Skkn by Kim,skknbykim,1
Skoon,skoon,1
Skullcandy,skullcandy,1
Slam Jam,slamjam,1
Sleep Station,sleepstation,1
Slinger,slinger,1
Sloane Tea,sloanetea,1
Smart Home Beveiliging,smarthomebeveiliging,1
Smca Creative,smcacreative,1
Smile Brilliant,smilebrilliant,1
Smile Direct Club,smiledirectclub,1
Smileio Loyalty,smileioloyalty,1
smythson,smythson,1
SnackNation,snacknation,1
snif,snif,1
snowe,snowe,1
Snug,snug,1
Snuggle Hunny,snugglehunny,1
Snyder Performance Engineering,snyderperformanceengineering,1
So Shape,soshape,1
Soar With Us,soarwithus,1
Social Media Follows Old Glory Across America,socialmediafollowsoldgloryacrossamerica,1
Social Threads,socialthreads,1
Society6,society6,1
Sodastream,sodastream,1
Soeju,soeju,1
Soeur,soeur,1
Soeur Paris,soeurparis,1
Sofa Club,sofaclub,1
Soft Services,softservices,1
solacebands,solacebands,1
Solgaard,solgaard,1
Solo Deportes,solodeportes,1
songfinch,songfinch,1
Soup Stock Tokyo,soupstocktokyo,1
SOÉJU,soju,1
Space Goods,spacegoods,1
Spanx,spanx,1
Speed Engineering,speedengineering,1
Splash Wines,splashwines,1
Spoiled Child,spoiledchild,1
Sportsmart Scaled Personalised Marketing,sportsmartscaledpersonalisedmarketing,1
Springfree Trampoline,springfreetrampoline,1
Srw Agency,srwagency,1
stand,stand,1
Stanfields,stanfields,1
Staples Canada,staplescanada,1
Starlight Knitting Society,starlightknittingsociety,1
State Bicycle Co,statebicycleco,1
State Of Montana,stateofmontana,1
steadystraps,steadystraps,1
Stella & Chewy's,stellachewys,1
Stellar Eats,stellareats,1
Still & Bloom,stillbloom,1
Stone Brewing,stonebrewing,1
Stoov,stoov,1
Storq,storq,1
Strandbags,strandbags,1
Stride Consumer Partners,strideconsumerpartners,1
Stride Rite,striderite,1
stumptown,stumptown,1
stylematch,stylematch,1
Sugar Spring Co,sugarspringco,1
Sukhmani Designs,sukhmanidesigns,1
Sundrug,sundrug,1
Sunny 16,sunny16,1
Sunology,sunology,1
Suntory,suntory,1
Superfeet,superfeet,1
Supernote,supernote,1
Surely Wine,surelywine,1
Swan,swan,1
swanky,swanky,1
Swanky Agency,swankyagency,1
Swati,swati,1
Swee Lee,sweelee,1
Sweet Water Decor,sweetwaterdecor,1
swimoutlet,swimoutlet,1
Switch To Klaviyo From,switchtoklaviyofrom,1
swoveralls,swoveralls,1
Syster P,systerp,1
T1tan,t1tan,1
tabs,tabs,1
Tabs Chocolate,tabschocolate,1
Taika,taika,1
Tamburlaine Organic Wines,tamburlaineorganicwines,1
Taschen,taschen,1
Tasman Holiday Parks,tasmanholidayparks,1
Taste Salud,tastesalud,1
Taylor Stitch,taylorstitch,1
Tecovas,tecovas,1
Tella,tella,1
Tens,tens,1
Tenzo Tea,tenzotea,1
The ALDO Group,thealdogroup,1
The Beachwaver Co.,thebeachwaverco,1
The Beauty Crop,thebeautycrop,1
The Bike,bike,1
The Blue Space,bluespace,1
The Bottle Club,thebottleclub,1
The Bradery,thebradery,1
The Bradery,bradery,1
The Citizenry,thecitizenry,1
The Collagen Co,thecollagenco,1
The Conran Shop,conranshop,1
The Feed,thefeed,1
The Field Company,thefieldcompany,1
The Frye Company,thefryecompany,1
The Frye Company US,thefryecompanyus,1
The Good Guys,thegoodguys,1
The Good Guys,goodguys,1
The Hundreds,thehundreds,1
The Indoor Golf Shop,indoorgolfshop,1
The Inspiration Company,inspirationcompany,1
The Liquor Bros,theliquorbros,1
The Memo,memo,1
The Minimal Closet,theminimalcloset,1
The Night Sky Advanced,thenightskyadvanced,1
The Pro's Closet,theproscloset,1
The Quality Group,qualitygroup,1
The Rag Company,theragcompany,1
The Shipping Store,theshippingstore,1
The Skin Nerd,skinnerd,1
The Somewhere Co,somewhereco,1
The Spice House,thespicehouse,1
The Woobles,woobles,1
thechive,thechive,1
thefrankieshop,thefrankieshop,1
thewodlife,thewodlife,1
Think Iowa City,thinkiowacity,1
Thousand Fell,thousandfell,1
Three Bird Nest,threebirdnest,1
Three Ships,threeships,1
Three Ships Beauty,threeshipsbeauty,1
Thrive Market,thrivemarket,1
tibi,tibi,1
Tiktok Cdv,tiktokcdv,1
Tilecloud,tilecloud,1
Tilley,tilley,1
timex,timex,1
Tineco,tineco,1
Titan Casket,titancasket,1
Titan Fitness,titanfitness,1
Tobii Dynavox,tobiidynavox,1
Tobys Sports,tobyssports,1
Tomlinsons,tomlinsons,1
Tonys Chocolonely,tonyschocolonely,1
topicals,topicals,1
topps,topps,1
tortuga,tortuga,1
Totally Chocolate,totallychocolate,1
Tourism Nt Visual Ugc,tourismntvisualugc,1
toyota,toyota,1
Trade Coffee,tradecoffee,1
Transformer Table,transformertable,1
Travel Cat,travelcat,1
Travelonline Segmentation Increased Roi,travelonlinesegmentationincreasedroi,1
travelpro,travelpro,1
Tree Of Life,treeoflife,1
Trek Bikes,trekbikes,1
Trevi,trevi,1
Trinny London,trinnylondon,1
triquetra,triquetra,1
Tropeaka,tropeaka,1
True Linkswear,truelinkswear,1
True Vintage,truevintage,1
truff,truff,1
truly,truly,1
Truly Lifestyle Brand,trulylifestylebrand,1
Trévi,trvi,1
Tsi,tsi,1
Tu Co,tuco,1
Tubby Todd,tubbytodd,1
Tubescience Kitsch,tubesciencekitsch,1
Tuckernuck,tuckernuck,1
Tuft And Paw,tuftandpaw,1
tula,tula,1
tumble,tumble,1
Tupperware,tupperware,1
Tupperware Brand,tupperwarebrand,1
Turtle Beach,turtlebeach,1
Tushy Bidet,tushybidet,1
Twining,twining,1
Twinkle Twinkle Little One,twinkletwinklelittleone,1
Two Blind Brothers,twoblindbrothers,1
Type One Style,typeonestyle,1
Typology,typology,1
ugmonk,ugmonk,1
unbloat,unbloat,1
Unbottled,unbottled,1
Under 510,under510,1
underoutfit,underoutfit,1
Unite Hair,unitehair,1
Unwilted,unwilted,1
Upscale Audio,upscaleaudio,1
Ur Penn,urpenn,1
Urban Industry,urbanindustry,1
Urban You,urbanyou,1
urbanara,urbanara,1
Urbanstems,urbanstems,1
Urotuning,urotuning,1
Vahdam,vahdam,1
Valentich Goods,valentichgoods,1
Vape Shop,vapeshop,1
Venezia Fc,veneziafc,1
Venus Et Fleur,venusetfleur,1
Verb,verb,1
Verb Products,verbproducts,1
Versed,versed,1
vervaunt,vervaunt,1
Vessi Meta,vessimeta,1
Vestique,vestique,1
Via Institute On Character,viainstituteoncharacter,1
Via Vai,viavai,1
Vicky Cakes,vickycakes,1
Victoria Beckham,victoriabeckham,1
Victoria Racing Club Melbourne Cup,victoriaracingclubmelbournecup,1
Vin Chicago,vinchicago,1
vinocheepo,vinocheepo,1
Virgin Holidays,virginholidays,1
visitscotland,visitscotland,1
Vita Coco,vitacoco,1
vitality,vitality,1
Viva,viva,1
volant,volant,1
vosges,vosges,1
Vosges Haut Chocolat,vosgeshautchocolat,1
vssl,vssl,1
Vuori Clothing,vuoriclothing,1
vyper,vyper,1
W Titley,wtitley,1
Wajos,wajos,1
Wanderlust + Co,wanderlustco,1
Wanderrfuff,wanderrfuff,1
Wanted Shoes,wantedshoes,1
waterboy,waterboy,1
Waterdrop,waterdrop,1
Waterdrop 2,waterdrop2,1
Weebot,weebot,1
Weee Switch From,weeeswitchfrom,1
Weezer,weezer,1
Wego,wego,1
Wendy Wu,wendywu,1
Westwing,westwing,1
Who Is Elijah,whoiselijah,1
Whoop,whoop,1
Wicked Edge,wickededge,1
Wild,wild,1
Wild Cosmetics,wildcosmetics,1
Wild Planet,wildplanet,1
Wildling,wildling,1
wildwonder,wildwonder,1
Willemse,willemse,1
Willful Automation Conversion Rates,willfulautomationconversionrates,1
Willow Tree Boutique,willowtreeboutique,1
willpowders,willpowders,1
Winc,winc,1
Wine Insiders,wineinsiders,1
Winter Park Cycles,winterparkcycles,1
Wisdom Supply Co,wisdomsupplyco,1
Wlrn,wlrn,1
WMP Eyewear,wmpeyewear,1
Wolf & Shepherd,wolfshepherd,1
Wolfpak,wolfpak,1
Woodhouse Clothing,woodhouseclothing,1
World Central Kitchen,worldcentralkitchen,1
World Of Books,worldofbooks,1
Worldwide Cyclery,worldwidecyclery,1
woxers,woxers,1
Wpromote Drives Engagement And Seo,wpromotedrivesengagementandseo,1
wuffes,wuffes,1
xendurance,xendurance,1
XOTIC PC,xoticpc,1
Yaasa,yaasa,1
Yellow Beauty,yellowbeauty,1
Yellow Pop,yellowpop,1
yellowberry,yellowberry,1
Yo Mamas Foods,yomamasfoods,1
York St Brands,yorkstbrands,1
Your Super,yoursuper,1
Your Western Decor,yourwesterndecor,1
Yse,yse,1
yumwoof,yumwoof,1
Yutori,yutori,1
zest,zest,1
zoovillage,zoovillage,1
zox,zox,1
